src,tar,src_type,tar_type
_0555_,_0561_,net,cell
_0561_,uart_rx_inst.bit_cnt\[0\],cell,net
_0011_,_0562_,net,cell
_0562_,net37,cell,net
_0061_,_0563_,net,cell
_0563_,net33,cell,net
net2,_0564_,net,cell
_0564_,_0553_,cell,net
_0010_,_0565_,net,cell
_0565_,net39,cell,net
_0038_,_0566_,net,cell
_0566_,net38,cell,net
_0060_,_0567_,net,cell
_0567_,net36,cell,net
_0062_,_0568_,net,cell
_0568_,net32,cell,net
_0063_,_0569_,net,cell
_0569_,net31,cell,net
_0064_,_0570_,net,cell
_0570_,net30,cell,net
_0065_,_0571_,net,cell
_0571_,net29,cell,net
_0066_,_0572_,net,cell
_0572_,net28,cell,net
_0067_,_0573_,net,cell
_0573_,net27,cell,net
_0068_,_0574_,net,cell
_0574_,net26,cell,net
_0069_,_0575_,net,cell
_0575_,net25,cell,net
_0070_,_0576_,net,cell
_0576_,net35,cell,net
_0079_,_0577_,net,cell
_0577_,net34,cell,net
net9,_0578_,net,cell
_0578_,_0554_,cell,net
net14,_0579_,net,cell
_0579_,_0162_,cell,net
_0162_,_0580_,net,cell
_0580_,_0163_,cell,net
_0001_,_0581_,net,cell
_0080_,_0581_,net,cell
_0581_,_0164_,cell,net
_0000_,_0582_,net,cell
_0003_,_0582_,net,cell
_0164_,_0582_,net,cell
_0582_,_0165_,cell,net
_0002_,_0583_,net,cell
_0082_,_0583_,net,cell
_0583_,_0166_,cell,net
_0080_,_0584_,net,cell
_0166_,_0584_,net,cell
_0001_,_0584_,net,cell
_0584_,_0167_,cell,net
_0167_,_0585_,net,cell
_0585_,_0168_,cell,net
_0003_,_0586_,net,cell
_0586_,_0169_,cell,net
_0556_,_0587_,net,cell
_0587_,_0170_,cell,net
_0169_,_0588_,net,cell
_0170_,_0588_,net,cell
_0164_,_0588_,net,cell
_0588_,_0171_,cell,net
_0051_,_0589_,net,cell
_0052_,_0589_,net,cell
_0053_,_0589_,net,cell
_0589_,_0172_,cell,net
_0044_,_0590_,net,cell
_0045_,_0590_,net,cell
_0046_,_0590_,net,cell
_0590_,_0173_,cell,net
_0551_,_0591_,net,cell
_0048_,_0591_,net,cell
_0049_,_0591_,net,cell
_0050_,_0591_,net,cell
_0552_,_0591_,net,cell
_0591_,_0174_,cell,net
_0047_,_0592_,net,cell
_0173_,_0592_,net,cell
_0174_,_0592_,net,cell
_0592_,_0175_,cell,net
_0175_,_0593_,net,cell
_0593_,_0176_,cell,net
_0043_,_0594_,net,cell
_0056_,_0594_,net,cell
_0057_,_0594_,net,cell
_0058_,_0594_,net,cell
_0059_,_0594_,net,cell
_0594_,_0177_,cell,net
_0054_,_0595_,net,cell
_0055_,_0595_,net,cell
_0177_,_0595_,net,cell
_0595_,_0178_,cell,net
_0172_,_0596_,net,cell
_0176_,_0596_,net,cell
_0178_,_0596_,net,cell
_0596_,_0179_,cell,net
_0179_,_0597_,net,cell
_0597_,_0180_,cell,net
_0163_,_0598_,net,cell
_0165_,_0598_,net,cell
_0168_,_0598_,net,cell
_0171_,_0598_,net,cell
_0180_,_0598_,net,cell
_0598_,_0181_,cell,net
_0003_,_0599_,net,cell
_0164_,_0599_,net,cell
_0599_,_0182_,cell,net
_0182_,_0600_,net,cell
_0600_,_0183_,cell,net
_0003_,_0601_,net,cell
_0556_,_0601_,net,cell
_0601_,_0184_,cell,net
_0001_,_0602_,net,cell
_0080_,_0602_,net,cell
_0184_,_0602_,net,cell
_0602_,_0185_,cell,net
_0054_,_0603_,net,cell
_0055_,_0603_,net,cell
_0172_,_0603_,net,cell
_0603_,_0186_,cell,net
_0047_,_0604_,net,cell
_0173_,_0604_,net,cell
_0174_,_0604_,net,cell
_0177_,_0604_,net,cell
_0604_,_0187_,cell,net
_0186_,_0605_,net,cell
_0187_,_0605_,net,cell
_0605_,_0188_,cell,net
_0162_,_0606_,net,cell
_0167_,_0606_,net,cell
_0185_,_0606_,net,cell
_0188_,_0606_,net,cell
_0606_,_0189_,cell,net
_0189_,_0607_,net,cell
_0607_,_0190_,cell,net
_0077_,_0608_,net,cell
_0183_,_0608_,net,cell
_0190_,_0608_,net,cell
_0608_,_0191_,cell,net
_0078_,_0609_,net,cell
_0181_,_0609_,net,cell
_0191_,_0609_,net,cell
_0609_,_0088_,cell,net
_0076_,_0610_,net,cell
_0183_,_0610_,net,cell
_0190_,_0610_,net,cell
_0610_,_0192_,cell,net
_0077_,_0611_,net,cell
_0181_,_0611_,net,cell
_0192_,_0611_,net,cell
_0611_,_0089_,cell,net
_0075_,_0612_,net,cell
_0183_,_0612_,net,cell
_0190_,_0612_,net,cell
_0612_,_0193_,cell,net
_0076_,_0613_,net,cell
_0181_,_0613_,net,cell
_0193_,_0613_,net,cell
_0613_,_0090_,cell,net
_0074_,_0614_,net,cell
_0183_,_0614_,net,cell
_0190_,_0614_,net,cell
_0614_,_0194_,cell,net
_0075_,_0615_,net,cell
_0181_,_0615_,net,cell
_0194_,_0615_,net,cell
_0615_,_0091_,cell,net
_0073_,_0616_,net,cell
_0183_,_0616_,net,cell
_0190_,_0616_,net,cell
_0616_,_0195_,cell,net
_0074_,_0617_,net,cell
_0181_,_0617_,net,cell
_0195_,_0617_,net,cell
_0617_,_0092_,cell,net
_0072_,_0618_,net,cell
_0183_,_0618_,net,cell
_0190_,_0618_,net,cell
_0618_,_0196_,cell,net
_0073_,_0619_,net,cell
_0181_,_0619_,net,cell
_0196_,_0619_,net,cell
_0619_,_0093_,cell,net
_0071_,_0620_,net,cell
_0183_,_0620_,net,cell
_0190_,_0620_,net,cell
_0620_,_0197_,cell,net
_0072_,_0621_,net,cell
_0181_,_0621_,net,cell
_0197_,_0621_,net,cell
_0621_,_0094_,cell,net
_0000_,_0622_,net,cell
_0622_,_0198_,cell,net
_0183_,_0623_,net,cell
_0190_,_0623_,net,cell
_0071_,_0623_,net,cell
_0623_,_0199_,cell,net
_0198_,_0624_,net,cell
_0190_,_0624_,net,cell
_0199_,_0624_,net,cell
_0624_,_0095_,cell,net
_0559_,_0625_,net,cell
_0019_,_0625_,net,cell
_0560_,_0625_,net,cell
_0625_,_0200_,cell,net
_0016_,_0626_,net,cell
_0017_,_0626_,net,cell
_0018_,_0626_,net,cell
_0626_,_0201_,cell,net
_0012_,_0627_,net,cell
_0013_,_0627_,net,cell
_0014_,_0627_,net,cell
_0015_,_0627_,net,cell
_0627_,_0202_,cell,net
_0200_,_0628_,net,cell
_0201_,_0628_,net,cell
_0202_,_0628_,net,cell
_0628_,_0203_,cell,net
_0024_,_0629_,net,cell
_0629_,_0204_,cell,net
_0025_,_0630_,net,cell
_0026_,_0630_,net,cell
_0027_,_0630_,net,cell
_0028_,_0630_,net,cell
_0630_,_0205_,cell,net
_0020_,_0631_,net,cell
_0021_,_0631_,net,cell
_0022_,_0631_,net,cell
_0631_,_0206_,cell,net
_0023_,_0632_,net,cell
_0204_,_0632_,net,cell
_0205_,_0632_,net,cell
_0206_,_0632_,net,cell
_0632_,_0207_,cell,net
_0203_,_0633_,net,cell
_0207_,_0633_,net,cell
_0633_,_0208_,cell,net
net24,_0634_,net,cell
_0634_,_0209_,cell,net
_0042_,_0635_,net,cell
_0635_,_0210_,cell,net
_0039_,_0636_,net,cell
_0040_,_0636_,net,cell
_0041_,_0636_,net,cell
_0636_,_0211_,cell,net
_0211_,_0637_,net,cell
_0637_,_0212_,cell,net
_0209_,_0638_,net,cell
_0210_,_0638_,net,cell
_0212_,_0638_,net,cell
_0638_,_0213_,cell,net
_0210_,_0639_,net,cell
_0639_,_0214_,cell,net
_0214_,_0640_,net,cell
_0212_,_0640_,net,cell
_0640_,_0215_,cell,net
net14,_0641_,net,cell
_0208_,_0641_,net,cell
_0213_,_0641_,net,cell
_0215_,_0641_,net,cell
_0641_,_0216_,cell,net
_0216_,_0642_,net,cell
_0642_,_0217_,cell,net
_0217_,_0643_,net,cell
_0643_,_0218_,cell,net
_0210_,_0644_,net,cell
_0212_,_0644_,net,cell
_0644_,_0219_,cell,net
_0219_,_0645_,net,cell
_0645_,_0220_,cell,net
_0219_,_0646_,net,cell
_0646_,_0221_,cell,net
_0036_,_0647_,net,cell
_0221_,_0647_,net,cell
_0647_,_0222_,cell,net
net16,_0648_,net,cell
_0220_,_0648_,net,cell
_0222_,_0648_,net,cell
_0648_,_0223_,cell,net
_0037_,_0649_,net,cell
_0218_,_0649_,net,cell
_0649_,_0224_,cell,net
_0218_,_0650_,net,cell
_0223_,_0650_,net,cell
_0224_,_0650_,net,cell
_0650_,_0132_,cell,net
_0035_,_0651_,net,cell
_0221_,_0651_,net,cell
_0651_,_0225_,cell,net
net17,_0652_,net,cell
_0220_,_0652_,net,cell
_0225_,_0652_,net,cell
_0652_,_0226_,cell,net
_0036_,_0653_,net,cell
_0218_,_0653_,net,cell
_0653_,_0227_,cell,net
_0218_,_0654_,net,cell
_0226_,_0654_,net,cell
_0227_,_0654_,net,cell
_0654_,_0133_,cell,net
_0034_,_0655_,net,cell
_0221_,_0655_,net,cell
_0655_,_0228_,cell,net
net18,_0656_,net,cell
_0220_,_0656_,net,cell
_0228_,_0656_,net,cell
_0656_,_0229_,cell,net
_0035_,_0657_,net,cell
_0217_,_0657_,net,cell
_0657_,_0230_,cell,net
_0218_,_0658_,net,cell
_0229_,_0658_,net,cell
_0230_,_0658_,net,cell
_0658_,_0134_,cell,net
_0033_,_0659_,net,cell
_0221_,_0659_,net,cell
_0659_,_0231_,cell,net
net19,_0660_,net,cell
_0220_,_0660_,net,cell
_0231_,_0660_,net,cell
_0660_,_0232_,cell,net
_0034_,_0661_,net,cell
_0217_,_0661_,net,cell
_0661_,_0233_,cell,net
_0218_,_0662_,net,cell
_0232_,_0662_,net,cell
_0233_,_0662_,net,cell
_0662_,_0135_,cell,net
_0032_,_0663_,net,cell
_0221_,_0663_,net,cell
_0663_,_0234_,cell,net
net20,_0664_,net,cell
_0220_,_0664_,net,cell
_0234_,_0664_,net,cell
_0664_,_0235_,cell,net
_0033_,_0665_,net,cell
_0217_,_0665_,net,cell
_0665_,_0236_,cell,net
_0218_,_0666_,net,cell
_0235_,_0666_,net,cell
_0236_,_0666_,net,cell
_0666_,_0136_,cell,net
_0031_,_0667_,net,cell
_0221_,_0667_,net,cell
_0667_,_0237_,cell,net
net21,_0668_,net,cell
_0220_,_0668_,net,cell
_0237_,_0668_,net,cell
_0668_,_0238_,cell,net
_0032_,_0669_,net,cell
_0217_,_0669_,net,cell
_0669_,_0239_,cell,net
_0218_,_0670_,net,cell
_0238_,_0670_,net,cell
_0239_,_0670_,net,cell
_0670_,_0137_,cell,net
_0030_,_0671_,net,cell
_0221_,_0671_,net,cell
_0671_,_0240_,cell,net
net22,_0672_,net,cell
_0220_,_0672_,net,cell
_0240_,_0672_,net,cell
_0672_,_0241_,cell,net
_0031_,_0673_,net,cell
_0217_,_0673_,net,cell
_0673_,_0242_,cell,net
_0218_,_0674_,net,cell
_0241_,_0674_,net,cell
_0242_,_0674_,net,cell
_0674_,_0138_,cell,net
_0029_,_0675_,net,cell
_0221_,_0675_,net,cell
_0675_,_0243_,cell,net
net23,_0676_,net,cell
_0220_,_0676_,net,cell
_0243_,_0676_,net,cell
_0676_,_0244_,cell,net
_0030_,_0677_,net,cell
_0217_,_0677_,net,cell
_0677_,_0245_,cell,net
_0218_,_0678_,net,cell
_0244_,_0678_,net,cell
_0245_,_0678_,net,cell
_0678_,_0139_,cell,net
_0040_,_0679_,net,cell
_0041_,_0679_,net,cell
_0679_,_0246_,cell,net
_0039_,_0679_,net,cell
_0163_,_0680_,net,cell
_0203_,_0680_,net,cell
_0207_,_0680_,net,cell
_0680_,_0247_,cell,net
_0208_,_0681_,net,cell
_0681_,_0248_,cell,net
_0209_,_0682_,net,cell
_0162_,_0682_,net,cell
_0214_,_0682_,net,cell
_0248_,_0682_,net,cell
_0682_,_0249_,cell,net
_0246_,_0683_,net,cell
_0247_,_0683_,net,cell
_0249_,_0683_,net,cell
_0029_,_0683_,net,cell
_0683_,_0140_,cell,net
_0186_,_0684_,net,cell
_0187_,_0684_,net,cell
_0684_,_0250_,cell,net
_0002_,_0685_,net,cell
_0685_,_0251_,cell,net
_0251_,_0686_,net,cell
_0171_,_0686_,net,cell
_0165_,_0686_,net,cell
_0686_,_0252_,cell,net
_0250_,_0687_,net,cell
_0252_,_0687_,net,cell
_0687_,_0253_,cell,net
uart_rx_inst.bit_cnt\[0\],_0688_,net,cell
_0253_,_0688_,net,cell
_0688_,_0254_,cell,net
_0003_,_0689_,net,cell
_0164_,_0689_,net,cell
_0689_,_0255_,cell,net
_0080_,_0690_,net,cell
_0166_,_0690_,net,cell
_0000_,_0690_,net,cell
_0001_,_0690_,net,cell
_0690_,_0256_,cell,net
_0255_,_0691_,net,cell
_0256_,_0691_,net,cell
_0691_,_0257_,cell,net
_0555_,_0692_,net,cell
_0180_,_0692_,net,cell
_0252_,_0692_,net,cell
_0257_,_0692_,net,cell
_0692_,_0258_,cell,net
_0163_,_0693_,net,cell
_0693_,_0259_,cell,net
_0254_,_0694_,net,cell
_0258_,_0694_,net,cell
_0259_,_0694_,net,cell
_0694_,_0083_,cell,net
_0081_,_0695_,net,cell
_0256_,_0695_,net,cell
_0183_,_0695_,net,cell
_0695_,_0260_,cell,net
_0250_,_0696_,net,cell
_0696_,_0261_,cell,net
_0261_,_0697_,net,cell
_0252_,_0697_,net,cell
_0170_,_0697_,net,cell
_0697_,_0262_,cell,net
_0163_,_0698_,net,cell
_0698_,_0263_,cell,net
_0253_,_0699_,net,cell
_0260_,_0699_,net,cell
_0262_,_0699_,net,cell
_0263_,_0699_,net,cell
_0699_,_0084_,cell,net
_0082_,_0700_,net,cell
_0256_,_0700_,net,cell
_0700_,_0264_,cell,net
_0080_,_0701_,net,cell
_0701_,_0265_,cell,net
_0253_,_0702_,net,cell
_0264_,_0702_,net,cell
_0265_,_0702_,net,cell
_0702_,_0266_,cell,net
_0182_,_0703_,net,cell
_0703_,_0267_,cell,net
_0265_,_0704_,net,cell
_0082_,_0704_,net,cell
_0267_,_0704_,net,cell
_0253_,_0704_,net,cell
_0704_,_0268_,cell,net
_0162_,_0705_,net,cell
_0705_,_0269_,cell,net
_0266_,_0706_,net,cell
_0268_,_0706_,net,cell
_0269_,_0706_,net,cell
_0706_,_0085_,cell,net
_0556_,_0707_,net,cell
_0555_,_0707_,net,cell
_0707_,_0270_,cell,net
_0265_,_0708_,net,cell
_0270_,_0708_,net,cell
_0256_,_0708_,net,cell
_0708_,_0271_,cell,net
_0001_,_0709_,net,cell
_0709_,_0272_,cell,net
_0253_,_0710_,net,cell
_0271_,_0710_,net,cell
_0272_,_0710_,net,cell
_0710_,_0273_,cell,net
_0003_,_0711_,net,cell
_0270_,_0711_,net,cell
_0164_,_0711_,net,cell
_0711_,_0274_,cell,net
_0253_,_0712_,net,cell
_0274_,_0712_,net,cell
_0712_,_0275_,cell,net
_0273_,_0713_,net,cell
_0275_,_0713_,net,cell
_0269_,_0713_,net,cell
_0713_,_0086_,cell,net
_0267_,_0714_,net,cell
_0261_,_0714_,net,cell
net34,_0714_,net,cell
_0714_,_0276_,cell,net
_0255_,_0715_,net,cell
_0715_,_0277_,cell,net
_0176_,_0716_,net,cell
_0178_,_0716_,net,cell
_0716_,_0278_,cell,net
_0172_,_0716_,net,cell
_0000_,_0717_,net,cell
_0277_,_0717_,net,cell
_0278_,_0717_,net,cell
_0717_,_0279_,cell,net
_0259_,_0718_,net,cell
_0276_,_0718_,net,cell
_0279_,_0718_,net,cell
_0718_,_0087_,cell,net
_0047_,_0719_,net,cell
_0048_,_0719_,net,cell
_0049_,_0719_,net,cell
_0050_,_0719_,net,cell
_0719_,_0280_,cell,net
_0043_,_0720_,net,cell
_0058_,_0720_,net,cell
_0059_,_0720_,net,cell
_0720_,_0281_,cell,net
_0551_,_0721_,net,cell
_0552_,_0721_,net,cell
_0056_,_0721_,net,cell
_0057_,_0721_,net,cell
_0721_,_0282_,cell,net
_0173_,_0722_,net,cell
_0280_,_0722_,net,cell
_0281_,_0722_,net,cell
_0282_,_0722_,net,cell
_0722_,_0283_,cell,net
_0186_,_0723_,net,cell
_0283_,_0723_,net,cell
_0723_,_0284_,cell,net
_0162_,_0724_,net,cell
_0002_,_0724_,net,cell
_0171_,_0724_,net,cell
_0284_,_0724_,net,cell
_0724_,_0285_,cell,net
_0198_,_0725_,net,cell
_0285_,_0725_,net,cell
_0725_,_0286_,cell,net
_0286_,_0726_,net,cell
_0726_,_0096_,cell,net
_0198_,_0727_,net,cell
uart_rx_inst.bit_cnt\[0\],_0727_,net,cell
_0185_,_0727_,net,cell
_0180_,_0727_,net,cell
_0727_,_0287_,cell,net
_0287_,_0728_,net,cell
_0728_,_0288_,cell,net
_0288_,_0729_,net,cell
_0729_,_0289_,cell,net
_0078_,_0730_,net,cell
_0289_,_0730_,net,cell
_0730_,_0290_,cell,net
net25,_0731_,net,cell
_0289_,_0731_,net,cell
_0290_,_0731_,net,cell
_0263_,_0731_,net,cell
_0731_,_0097_,cell,net
_0077_,_0732_,net,cell
_0289_,_0732_,net,cell
_0732_,_0291_,cell,net
net26,_0733_,net,cell
_0289_,_0733_,net,cell
_0291_,_0733_,net,cell
_0263_,_0733_,net,cell
_0733_,_0098_,cell,net
_0076_,_0734_,net,cell
_0288_,_0734_,net,cell
_0734_,_0292_,cell,net
net27,_0735_,net,cell
_0289_,_0735_,net,cell
_0292_,_0735_,net,cell
_0263_,_0735_,net,cell
_0735_,_0099_,cell,net
_0075_,_0736_,net,cell
_0288_,_0736_,net,cell
_0736_,_0293_,cell,net
net28,_0737_,net,cell
_0289_,_0737_,net,cell
_0293_,_0737_,net,cell
_0263_,_0737_,net,cell
_0737_,_0100_,cell,net
_0074_,_0738_,net,cell
_0288_,_0738_,net,cell
_0738_,_0294_,cell,net
net29,_0739_,net,cell
_0289_,_0739_,net,cell
_0294_,_0739_,net,cell
_0263_,_0739_,net,cell
_0739_,_0101_,cell,net
_0073_,_0740_,net,cell
_0288_,_0740_,net,cell
_0740_,_0295_,cell,net
net30,_0741_,net,cell
_0289_,_0741_,net,cell
_0295_,_0741_,net,cell
_0263_,_0741_,net,cell
_0741_,_0102_,cell,net
_0072_,_0742_,net,cell
_0288_,_0742_,net,cell
_0742_,_0296_,cell,net
net31,_0743_,net,cell
_0289_,_0743_,net,cell
_0296_,_0743_,net,cell
_0263_,_0743_,net,cell
_0743_,_0103_,cell,net
_0071_,_0744_,net,cell
_0288_,_0744_,net,cell
_0744_,_0297_,cell,net
net32,_0745_,net,cell
_0289_,_0745_,net,cell
_0297_,_0745_,net,cell
_0263_,_0745_,net,cell
_0745_,_0104_,cell,net
_0002_,_0746_,net,cell
_0000_,_0746_,net,cell
_0171_,_0746_,net,cell
_0284_,_0746_,net,cell
_0746_,_0298_,cell,net
net1,_0747_,net,cell
_0061_,_0747_,net,cell
_0298_,_0747_,net,cell
_0747_,_0299_,cell,net
_0269_,_0748_,net,cell
_0299_,_0748_,net,cell
_0748_,_0105_,cell,net
_0000_,_0749_,net,cell
_0061_,_0749_,net,cell
_0285_,_0749_,net,cell
_0749_,_0300_,cell,net
_0300_,_0750_,net,cell
_0750_,_0106_,cell,net
_0198_,_0751_,net,cell
_0169_,_0751_,net,cell
_0184_,_0751_,net,cell
_0751_,_0301_,cell,net
_0001_,_0752_,net,cell
_0080_,_0752_,net,cell
_0301_,_0752_,net,cell
_0752_,_0302_,cell,net
_0180_,_0753_,net,cell
_0302_,_0753_,net,cell
_0162_,_0753_,net,cell
_0753_,_0303_,cell,net
_0303_,_0754_,net,cell
_0754_,_0304_,cell,net
_0188_,_0755_,net,cell
_0755_,_0305_,cell,net
_0255_,_0756_,net,cell
_0256_,_0756_,net,cell
_0756_,_0306_,cell,net
_0284_,_0757_,net,cell
_0306_,_0757_,net,cell
_0757_,_0307_,cell,net
_0551_,_0758_,net,cell
_0305_,_0758_,net,cell
_0307_,_0758_,net,cell
_0758_,_0308_,cell,net
_0304_,_0759_,net,cell
_0308_,_0759_,net,cell
_0759_,_0107_,cell,net
net12,_0760_,net,cell
_0760_,_0309_,cell,net
prescale[8],_0761_,net,cell
_0761_,_0310_,cell,net
prescale[3],_0762_,net,cell
_0762_,_0311_,cell,net
prescale[4],_0763_,net,cell
_0763_,_0312_,cell,net
_0311_,_0764_,net,cell
_0312_,_0764_,net,cell
net10,_0764_,net,cell
net11,_0764_,net,cell
_0764_,_0313_,cell,net
_0313_,_0765_,net,cell
_0765_,_0314_,cell,net
prescale[2],_0766_,net,cell
_0766_,_0315_,cell,net
net2,_0767_,net,cell
_0315_,_0767_,net,cell
net9,_0767_,net,cell
_0767_,_0316_,cell,net
_0314_,_0768_,net,cell
_0316_,_0768_,net,cell
_0768_,_0317_,cell,net
_0310_,_0769_,net,cell
_0267_,_0769_,net,cell
_0257_,_0769_,net,cell
_0317_,_0769_,net,cell
_0769_,_0318_,cell,net
_0309_,_0770_,net,cell
_0318_,_0770_,net,cell
_0770_,_0319_,cell,net
_0007_,_0771_,net,cell
_0315_,_0771_,net,cell
_0314_,_0771_,net,cell
_0771_,_0320_,cell,net
_0320_,_0772_,net,cell
_0772_,_0321_,cell,net
_0310_,_0773_,net,cell
_0321_,_0773_,net,cell
_0773_,_0322_,cell,net
_0309_,_0774_,net,cell
_0310_,_0774_,net,cell
_0321_,_0774_,net,cell
_0774_,_0323_,cell,net
_0322_,_0775_,net,cell
_0323_,_0775_,net,cell
_0277_,_0775_,net,cell
_0775_,_0324_,cell,net
_0309_,_0776_,net,cell
_0306_,_0776_,net,cell
_0317_,_0776_,net,cell
_0776_,_0325_,cell,net
_0180_,_0777_,net,cell
_0324_,_0777_,net,cell
_0325_,_0777_,net,cell
_0777_,_0326_,cell,net
_0005_,_0778_,net,cell
_0778_,_0327_,cell,net
_0327_,_0779_,net,cell
_0173_,_0779_,net,cell
_0280_,_0779_,net,cell
_0779_,_0328_,cell,net
_0043_,_0780_,net,cell
_0328_,_0780_,net,cell
_0780_,_0329_,cell,net
_0329_,_0781_,net,cell
_0781_,_0330_,cell,net
_0059_,_0781_,net,cell
_0180_,_0782_,net,cell
_0302_,_0782_,net,cell
_0162_,_0782_,net,cell
_0782_,_0331_,cell,net
_0278_,_0783_,net,cell
_0330_,_0783_,net,cell
_0331_,_0783_,net,cell
_0783_,_0332_,cell,net
_0319_,_0784_,net,cell
_0326_,_0784_,net,cell
_0332_,_0784_,net,cell
_0784_,_0108_,cell,net
_0043_,_0785_,net,cell
_0059_,_0785_,net,cell
_0176_,_0785_,net,cell
_0785_,_0333_,cell,net
_0333_,_0786_,net,cell
_0786_,_0334_,cell,net
_0058_,_0786_,net,cell
_0309_,_0787_,net,cell
_0310_,_0787_,net,cell
_0317_,_0787_,net,cell
_0787_,_0335_,cell,net
_0335_,_0788_,net,cell
_0788_,_0336_,cell,net
net13,_0788_,net,cell
_0309_,_0789_,net,cell
_0321_,_0789_,net,cell
_0310_,_0789_,net,cell
_0789_,_0337_,cell,net
_0323_,_0790_,net,cell
_0337_,_0790_,net,cell
_0790_,_0338_,cell,net
_0267_,_0791_,net,cell
_0336_,_0791_,net,cell
_0338_,_0791_,net,cell
_0257_,_0791_,net,cell
_0305_,_0791_,net,cell
_0791_,_0339_,cell,net
_0304_,_0792_,net,cell
_0334_,_0792_,net,cell
_0339_,_0792_,net,cell
_0792_,_0109_,cell,net
_0281_,_0793_,net,cell
_0328_,_0793_,net,cell
_0793_,_0340_,cell,net
_0340_,_0794_,net,cell
_0794_,_0341_,cell,net
_0057_,_0794_,net,cell
net12,_0795_,net,cell
_0310_,_0795_,net,cell
net13,_0795_,net,cell
_0321_,_0795_,net,cell
_0795_,_0342_,cell,net
_0342_,_0796_,net,cell
_0796_,_0343_,cell,net
net3,_0796_,net,cell
_0257_,_0797_,net,cell
_0336_,_0797_,net,cell
_0343_,_0797_,net,cell
_0267_,_0797_,net,cell
_0278_,_0797_,net,cell
_0797_,_0344_,cell,net
_0180_,_0798_,net,cell
_0341_,_0798_,net,cell
_0344_,_0798_,net,cell
_0304_,_0798_,net,cell
_0798_,_0110_,cell,net
net12,_0799_,net,cell
_0310_,_0799_,net,cell
net13,_0799_,net,cell
net3,_0799_,net,cell
_0799_,_0345_,cell,net
_0314_,_0800_,net,cell
_0316_,_0800_,net,cell
_0345_,_0800_,net,cell
_0800_,_0346_,cell,net
net4,_0801_,net,cell
_0801_,_0347_,cell,net
_0346_,_0801_,net,cell
_0277_,_0802_,net,cell
_0347_,_0802_,net,cell
_0802_,_0348_,cell,net
_0257_,_0803_,net,cell
_0343_,_0803_,net,cell
_0348_,_0803_,net,cell
_0803_,_0349_,cell,net
_0057_,_0804_,net,cell
_0281_,_0804_,net,cell
_0176_,_0804_,net,cell
_0804_,_0350_,cell,net
_0350_,_0805_,net,cell
_0805_,_0351_,cell,net
_0056_,_0805_,net,cell
_0305_,_0806_,net,cell
_0349_,_0806_,net,cell
_0351_,_0806_,net,cell
_0304_,_0806_,net,cell
_0806_,_0111_,cell,net
_0007_,_0807_,net,cell
_0315_,_0807_,net,cell
net4,_0807_,net,cell
_0314_,_0807_,net,cell
_0345_,_0807_,net,cell
_0807_,_0352_,cell,net
_0352_,_0808_,net,cell
_0808_,_0353_,cell,net
net5,_0808_,net,cell
_0306_,_0809_,net,cell
_0347_,_0809_,net,cell
_0809_,_0354_,cell,net
_0183_,_0810_,net,cell
_0353_,_0810_,net,cell
_0354_,_0810_,net,cell
_0810_,_0355_,cell,net
_0177_,_0811_,net,cell
_0328_,_0811_,net,cell
_0811_,_0356_,cell,net
_0356_,_0812_,net,cell
_0812_,_0357_,cell,net
_0055_,_0812_,net,cell
_0261_,_0813_,net,cell
_0357_,_0813_,net,cell
_0303_,_0813_,net,cell
_0813_,_0358_,cell,net
_0278_,_0814_,net,cell
_0355_,_0814_,net,cell
_0358_,_0814_,net,cell
_0814_,_0112_,cell,net
_0055_,_0815_,net,cell
_0187_,_0815_,net,cell
_0054_,_0815_,net,cell
_0815_,_0359_,cell,net
_0261_,_0816_,net,cell
_0302_,_0816_,net,cell
_0816_,_0360_,cell,net
_0054_,_0817_,net,cell
_0055_,_0817_,net,cell
_0187_,_0817_,net,cell
_0360_,_0817_,net,cell
_0817_,_0361_,cell,net
net4,_0818_,net,cell
net5,_0818_,net,cell
_0314_,_0818_,net,cell
_0316_,_0818_,net,cell
_0345_,_0818_,net,cell
_0818_,_0362_,cell,net
_0362_,_0819_,net,cell
_0819_,_0363_,cell,net
net6,_0819_,net,cell
_0052_,_0820_,net,cell
_0053_,_0820_,net,cell
_0820_,_0364_,cell,net
_0051_,_0821_,net,cell
_0364_,_0821_,net,cell
_0821_,_0365_,cell,net
_0257_,_0822_,net,cell
_0353_,_0822_,net,cell
_0363_,_0822_,net,cell
_0182_,_0822_,net,cell
_0365_,_0822_,net,cell
_0822_,_0366_,cell,net
_0359_,_0823_,net,cell
_0366_,_0823_,net,cell
_0163_,_0823_,net,cell
_0823_,_0367_,cell,net
_0359_,_0824_,net,cell
_0361_,_0824_,net,cell
_0367_,_0824_,net,cell
_0824_,_0113_,cell,net
_0178_,_0825_,net,cell
_0328_,_0825_,net,cell
_0825_,_0368_,cell,net
_0368_,_0826_,net,cell
_0826_,_0369_,cell,net
_0053_,_0826_,net,cell
net4,_0827_,net,cell
net5,_0827_,net,cell
net6,_0827_,net,cell
_0345_,_0827_,net,cell
_0827_,_0370_,cell,net
_0321_,_0828_,net,cell
_0370_,_0828_,net,cell
_0828_,_0371_,cell,net
_0371_,_0829_,net,cell
_0829_,_0372_,cell,net
net7,_0829_,net,cell
_0257_,_0830_,net,cell
_0363_,_0830_,net,cell
_0372_,_0830_,net,cell
_0267_,_0830_,net,cell
_0188_,_0830_,net,cell
_0830_,_0373_,cell,net
_0261_,_0831_,net,cell
_0369_,_0831_,net,cell
_0373_,_0831_,net,cell
_0303_,_0831_,net,cell
_0831_,_0114_,cell,net
_0051_,_0832_,net,cell
_0832_,_0374_,cell,net
_0053_,_0833_,net,cell
_0176_,_0833_,net,cell
_0178_,_0833_,net,cell
_0833_,_0375_,cell,net
_0374_,_0834_,net,cell
_0052_,_0834_,net,cell
_0375_,_0834_,net,cell
_0834_,_0376_,cell,net
_0052_,_0835_,net,cell
_0375_,_0835_,net,cell
_0835_,_0377_,cell,net
_0307_,_0836_,net,cell
_0372_,_0836_,net,cell
_0376_,_0836_,net,cell
_0377_,_0836_,net,cell
_0836_,_0378_,cell,net
net7,_0837_,net,cell
_0317_,_0837_,net,cell
_0370_,_0837_,net,cell
_0837_,_0379_,cell,net
net8,_0838_,net,cell
_0838_,_0380_,cell,net
_0379_,_0838_,net,cell
_0277_,_0839_,net,cell
_0305_,_0839_,net,cell
_0380_,_0839_,net,cell
_0839_,_0381_,cell,net
_0378_,_0840_,net,cell
_0381_,_0840_,net,cell
_0331_,_0840_,net,cell
_0840_,_0115_,cell,net
net7,_0841_,net,cell
net8,_0841_,net,cell
_0277_,_0841_,net,cell
_0371_,_0841_,net,cell
_0841_,_0382_,cell,net
_0306_,_0842_,net,cell
_0380_,_0842_,net,cell
_0382_,_0842_,net,cell
_0842_,_0383_,cell,net
_0180_,_0843_,net,cell
_0303_,_0843_,net,cell
_0843_,_0384_,cell,net
_0364_,_0844_,net,cell
_0368_,_0844_,net,cell
_0051_,_0844_,net,cell
_0844_,_0385_,cell,net
_0374_,_0845_,net,cell
_0187_,_0845_,net,cell
_0845_,_0386_,cell,net
_0364_,_0846_,net,cell
_0368_,_0846_,net,cell
_0386_,_0846_,net,cell
_0846_,_0387_,cell,net
_0385_,_0847_,net,cell
_0387_,_0847_,net,cell
_0303_,_0847_,net,cell
_0847_,_0388_,cell,net
_0383_,_0848_,net,cell
_0384_,_0848_,net,cell
_0388_,_0848_,net,cell
_0848_,_0116_,cell,net
_0186_,_0849_,net,cell
_0187_,_0849_,net,cell
_0004_,_0849_,net,cell
_0849_,_0389_,cell,net
_0305_,_0850_,net,cell
_0256_,_0850_,net,cell
_0304_,_0850_,net,cell
_0389_,_0850_,net,cell
_0850_,_0117_,cell,net
_0005_,_0851_,net,cell
_0851_,_0390_,cell,net
_0050_,_0851_,net,cell
net2,_0852_,net,cell
_0277_,_0852_,net,cell
_0261_,_0852_,net,cell
_0306_,_0852_,net,cell
_0852_,_0391_,cell,net
_0391_,_0853_,net,cell
_0853_,_0392_,cell,net
_0261_,_0854_,net,cell
_0390_,_0854_,net,cell
_0392_,_0854_,net,cell
_0303_,_0854_,net,cell
_0854_,_0118_,cell,net
_0551_,_0855_,net,cell
_0050_,_0855_,net,cell
_0552_,_0855_,net,cell
_0855_,_0393_,cell,net
_0393_,_0856_,net,cell
_0856_,_0394_,cell,net
_0049_,_0856_,net,cell
_0553_,_0857_,net,cell
_0277_,_0857_,net,cell
_0857_,_0395_,cell,net
_0006_,_0858_,net,cell
_0267_,_0858_,net,cell
_0256_,_0858_,net,cell
_0395_,_0858_,net,cell
_0305_,_0858_,net,cell
_0858_,_0396_,cell,net
_0304_,_0859_,net,cell
_0394_,_0859_,net,cell
_0396_,_0859_,net,cell
_0859_,_0119_,cell,net
_0315_,_0860_,net,cell
_0860_,_0397_,cell,net
_0007_,_0860_,net,cell
_0006_,_0861_,net,cell
_0277_,_0861_,net,cell
_0256_,_0861_,net,cell
_0861_,_0398_,cell,net
_0267_,_0862_,net,cell
_0397_,_0862_,net,cell
_0398_,_0862_,net,cell
_0862_,_0399_,cell,net
_0327_,_0863_,net,cell
_0049_,_0863_,net,cell
_0050_,_0863_,net,cell
_0863_,_0400_,cell,net
_0400_,_0864_,net,cell
_0864_,_0401_,cell,net
_0048_,_0864_,net,cell
_0278_,_0865_,net,cell
_0401_,_0865_,net,cell
_0865_,_0402_,cell,net
_0261_,_0866_,net,cell
_0399_,_0866_,net,cell
_0402_,_0866_,net,cell
_0866_,_0403_,cell,net
_0304_,_0867_,net,cell
_0403_,_0867_,net,cell
_0867_,_0120_,cell,net
_0316_,_0868_,net,cell
_0868_,_0404_,cell,net
_0311_,_0868_,net,cell
_0277_,_0869_,net,cell
_0256_,_0869_,net,cell
_0397_,_0869_,net,cell
_0869_,_0405_,cell,net
_0267_,_0870_,net,cell
_0404_,_0870_,net,cell
_0405_,_0870_,net,cell
_0870_,_0406_,cell,net
_0174_,_0871_,net,cell
_0871_,_0407_,cell,net
_0047_,_0871_,net,cell
_0305_,_0872_,net,cell
_0406_,_0872_,net,cell
_0407_,_0872_,net,cell
_0303_,_0872_,net,cell
_0872_,_0121_,cell,net
_0327_,_0873_,net,cell
_0280_,_0873_,net,cell
_0873_,_0408_,cell,net
_0408_,_0874_,net,cell
_0874_,_0409_,cell,net
_0046_,_0874_,net,cell
_0007_,_0875_,net,cell
_0315_,_0875_,net,cell
_0311_,_0875_,net,cell
_0875_,_0410_,cell,net
_0410_,_0876_,net,cell
_0876_,_0411_,cell,net
_0312_,_0876_,net,cell
_0256_,_0877_,net,cell
_0404_,_0877_,net,cell
_0182_,_0877_,net,cell
_0877_,_0412_,cell,net
_0277_,_0878_,net,cell
_0411_,_0878_,net,cell
_0412_,_0878_,net,cell
_0250_,_0878_,net,cell
_0878_,_0413_,cell,net
_0305_,_0879_,net,cell
_0409_,_0879_,net,cell
_0413_,_0879_,net,cell
_0879_,_0414_,cell,net
_0304_,_0880_,net,cell
_0414_,_0880_,net,cell
_0880_,_0122_,cell,net
_0311_,_0881_,net,cell
_0312_,_0881_,net,cell
_0316_,_0881_,net,cell
_0881_,_0415_,cell,net
_0415_,_0882_,net,cell
_0882_,_0416_,cell,net
net10,_0882_,net,cell
_0257_,_0883_,net,cell
_0411_,_0883_,net,cell
_0416_,_0883_,net,cell
_0182_,_0883_,net,cell
_0883_,_0417_,cell,net
_0046_,_0884_,net,cell
_0047_,_0884_,net,cell
_0174_,_0884_,net,cell
_0884_,_0418_,cell,net
_0418_,_0885_,net,cell
_0885_,_0419_,cell,net
_0045_,_0885_,net,cell
_0278_,_0886_,net,cell
_0419_,_0886_,net,cell
_0886_,_0420_,cell,net
_0261_,_0887_,net,cell
_0417_,_0887_,net,cell
_0420_,_0887_,net,cell
_0887_,_0421_,cell,net
_0304_,_0888_,net,cell
_0421_,_0888_,net,cell
_0888_,_0123_,cell,net
_0045_,_0889_,net,cell
_0046_,_0889_,net,cell
_0408_,_0889_,net,cell
_0889_,_0422_,cell,net
_0422_,_0890_,net,cell
_0890_,_0423_,cell,net
_0044_,_0890_,net,cell
_0278_,_0891_,net,cell
_0423_,_0891_,net,cell
_0891_,_0424_,cell,net
_0312_,_0892_,net,cell
net10,_0892_,net,cell
_0410_,_0892_,net,cell
_0892_,_0425_,cell,net
_0315_,_0893_,net,cell
_0314_,_0893_,net,cell
_0893_,_0426_,cell,net
_0007_,_0893_,net,cell
net11,_0894_,net,cell
_0425_,_0894_,net,cell
_0426_,_0894_,net,cell
_0894_,_0427_,cell,net
_0257_,_0895_,net,cell
_0416_,_0895_,net,cell
_0427_,_0895_,net,cell
_0182_,_0895_,net,cell
_0895_,_0428_,cell,net
_0261_,_0896_,net,cell
_0428_,_0896_,net,cell
_0896_,_0429_,cell,net
_0424_,_0897_,net,cell
_0429_,_0897_,net,cell
_0304_,_0897_,net,cell
_0897_,_0124_,cell,net
_0043_,_0898_,net,cell
_0176_,_0898_,net,cell
_0305_,_0898_,net,cell
_0898_,_0430_,cell,net
_0043_,_0899_,net,cell
_0176_,_0899_,net,cell
_0430_,_0899_,net,cell
_0899_,_0431_,cell,net
_0317_,_0900_,net,cell
_0900_,_0432_,cell,net
_0309_,_0900_,net,cell
_0257_,_0901_,net,cell
_0427_,_0901_,net,cell
_0432_,_0901_,net,cell
_0267_,_0901_,net,cell
_0901_,_0433_,cell,net
_0305_,_0902_,net,cell
_0302_,_0902_,net,cell
_0433_,_0902_,net,cell
_0902_,_0434_,cell,net
_0431_,_0903_,net,cell
_0434_,_0903_,net,cell
_0269_,_0903_,net,cell
_0903_,_0125_,cell,net
_0269_,_0904_,net,cell
net15,_0904_,net,cell
_0904_,_0126_,cell,net
_0203_,_0905_,net,cell
_0207_,_0905_,net,cell
_0905_,_0435_,cell,net
_0435_,_0906_,net,cell
_0906_,_0436_,cell,net
_0214_,_0907_,net,cell
_0208_,_0907_,net,cell
_0213_,_0907_,net,cell
_0907_,_0437_,cell,net
_0210_,_0908_,net,cell
_0436_,_0908_,net,cell
_0437_,_0908_,net,cell
_0908_,_0438_,cell,net
_0269_,_0909_,net,cell
_0438_,_0909_,net,cell
_0909_,_0127_,cell,net
_0041_,_0910_,net,cell
_0210_,_0910_,net,cell
_0436_,_0910_,net,cell
_0221_,_0910_,net,cell
_0910_,_0439_,cell,net
_0210_,_0911_,net,cell
_0436_,_0911_,net,cell
_0041_,_0911_,net,cell
_0911_,_0440_,cell,net
_0439_,_0912_,net,cell
_0440_,_0912_,net,cell
_0259_,_0912_,net,cell
_0912_,_0128_,cell,net
_0041_,_0913_,net,cell
_0210_,_0913_,net,cell
_0435_,_0913_,net,cell
_0913_,_0441_,cell,net
_0441_,_0914_,net,cell
_0914_,_0442_,cell,net
_0040_,_0915_,net,cell
_0915_,_0443_,cell,net
_0162_,_0916_,net,cell
_0039_,_0916_,net,cell
_0443_,_0916_,net,cell
_0916_,_0444_,cell,net
_0162_,_0917_,net,cell
_0040_,_0917_,net,cell
_0441_,_0917_,net,cell
_0917_,_0445_,cell,net
_0442_,_0918_,net,cell
_0444_,_0918_,net,cell
_0445_,_0918_,net,cell
_0918_,_0129_,cell,net
_0040_,_0919_,net,cell
_0441_,_0919_,net,cell
_0039_,_0919_,net,cell
_0919_,_0446_,cell,net
net24,_0920_,net,cell
_0039_,_0920_,net,cell
_0040_,_0920_,net,cell
_0441_,_0920_,net,cell
_0920_,_0447_,cell,net
_0446_,_0921_,net,cell
_0447_,_0921_,net,cell
_0259_,_0921_,net,cell
_0921_,_0130_,cell,net
_0248_,_0922_,net,cell
_0220_,_0922_,net,cell
_0922_,_0448_,cell,net
net24,_0923_,net,cell
_0214_,_0923_,net,cell
_0246_,_0923_,net,cell
_0923_,_0449_,cell,net
_0208_,_0924_,net,cell
_0449_,_0924_,net,cell
_0163_,_0924_,net,cell
_0924_,_0450_,cell,net
net38,_0925_,net,cell
_0448_,_0925_,net,cell
_0450_,_0925_,net,cell
_0925_,_0131_,cell,net
_0214_,_0926_,net,cell
_0212_,_0926_,net,cell
_0926_,_0451_,cell,net
_0248_,_0927_,net,cell
_0451_,_0927_,net,cell
_0450_,_0927_,net,cell
_0927_,_0452_,cell,net
_0559_,_0928_,net,cell
_0452_,_0928_,net,cell
_0928_,_0141_,cell,net
_0009_,_0929_,net,cell
_0929_,_0453_,cell,net
_0453_,_0930_,net,cell
_0019_,_0930_,net,cell
_0201_,_0930_,net,cell
_0202_,_0930_,net,cell
_0930_,_0454_,cell,net
_0435_,_0931_,net,cell
_0213_,_0931_,net,cell
_0931_,_0455_,cell,net
_0436_,_0932_,net,cell
_0454_,_0932_,net,cell
_0455_,_0932_,net,cell
_0932_,_0456_,cell,net
_0203_,_0933_,net,cell
_0207_,_0933_,net,cell
_0449_,_0933_,net,cell
_0933_,_0457_,cell,net
_0214_,_0934_,net,cell
_0212_,_0934_,net,cell
_0316_,_0934_,net,cell
_0934_,_0458_,cell,net
_0314_,_0935_,net,cell
_0458_,_0935_,net,cell
_0935_,_0459_,cell,net
_0309_,_0936_,net,cell
_0936_,_0460_,cell,net
_0459_,_0936_,net,cell
_0028_,_0937_,net,cell
_0937_,_0461_,cell,net
_0457_,_0938_,net,cell
_0460_,_0938_,net,cell
_0454_,_0938_,net,cell
_0461_,_0938_,net,cell
_0162_,_0938_,net,cell
_0938_,_0462_,cell,net
_0028_,_0939_,net,cell
_0456_,_0939_,net,cell
_0462_,_0939_,net,cell
_0939_,_0142_,cell,net
_0027_,_0940_,net,cell
_0940_,_0463_,cell,net
_0013_,_0941_,net,cell
_0014_,_0941_,net,cell
_0015_,_0941_,net,cell
_0200_,_0941_,net,cell
_0201_,_0941_,net,cell
_0941_,_0464_,cell,net
_0012_,_0942_,net,cell
_0028_,_0942_,net,cell
_0208_,_0942_,net,cell
_0464_,_0942_,net,cell
_0942_,_0465_,cell,net
_0309_,_0943_,net,cell
_0215_,_0943_,net,cell
_0321_,_0943_,net,cell
_0943_,_0466_,cell,net
_0466_,_0944_,net,cell
_0944_,_0467_,cell,net
_0310_,_0944_,net,cell
_0457_,_0945_,net,cell
_0467_,_0945_,net,cell
_0465_,_0945_,net,cell
_0463_,_0945_,net,cell
_0945_,_0468_,cell,net
_0463_,_0946_,net,cell
_0465_,_0946_,net,cell
_0468_,_0946_,net,cell
_0269_,_0946_,net,cell
_0946_,_0143_,cell,net
_0027_,_0947_,net,cell
_0028_,_0947_,net,cell
_0454_,_0947_,net,cell
_0947_,_0469_,cell,net
_0469_,_0948_,net,cell
_0948_,_0470_,cell,net
_0026_,_0948_,net,cell
_0309_,_0949_,net,cell
_0310_,_0949_,net,cell
_0459_,_0949_,net,cell
_0949_,_0471_,cell,net
_0471_,_0950_,net,cell
_0950_,_0472_,cell,net
net13,_0950_,net,cell
_0163_,_0951_,net,cell
_0435_,_0951_,net,cell
_0449_,_0951_,net,cell
_0951_,_0473_,cell,net
_0259_,_0952_,net,cell
_0248_,_0952_,net,cell
_0470_,_0952_,net,cell
_0472_,_0952_,net,cell
_0473_,_0952_,net,cell
_0952_,_0144_,cell,net
_0026_,_0953_,net,cell
_0027_,_0953_,net,cell
_0028_,_0953_,net,cell
_0203_,_0953_,net,cell
_0953_,_0474_,cell,net
_0474_,_0954_,net,cell
_0954_,_0475_,cell,net
_0025_,_0954_,net,cell
_0309_,_0955_,net,cell
_0310_,_0955_,net,cell
net13,_0955_,net,cell
_0215_,_0955_,net,cell
_0321_,_0955_,net,cell
_0955_,_0476_,cell,net
net3,_0956_,net,cell
_0956_,_0477_,cell,net
_0476_,_0956_,net,cell
_0449_,_0957_,net,cell
_0477_,_0957_,net,cell
_0957_,_0478_,cell,net
_0259_,_0958_,net,cell
_0248_,_0958_,net,cell
_0475_,_0958_,net,cell
_0478_,_0958_,net,cell
_0473_,_0958_,net,cell
_0958_,_0145_,cell,net
_0314_,_0959_,net,cell
_0345_,_0959_,net,cell
_0458_,_0959_,net,cell
_0959_,_0479_,cell,net
_0479_,_0960_,net,cell
_0960_,_0480_,cell,net
net4,_0960_,net,cell
_0205_,_0961_,net,cell
_0454_,_0961_,net,cell
_0204_,_0961_,net,cell
_0961_,_0481_,cell,net
_0204_,_0962_,net,cell
_0205_,_0962_,net,cell
_0454_,_0962_,net,cell
_0962_,_0482_,cell,net
_0436_,_0963_,net,cell
_0481_,_0963_,net,cell
_0482_,_0963_,net,cell
_0963_,_0483_,cell,net
_0248_,_0964_,net,cell
_0480_,_0964_,net,cell
_0483_,_0964_,net,cell
_0450_,_0964_,net,cell
_0964_,_0146_,cell,net
_0023_,_0965_,net,cell
_0965_,_0484_,cell,net
_0203_,_0966_,net,cell
_0205_,_0966_,net,cell
_0966_,_0485_,cell,net
_0204_,_0967_,net,cell
_0485_,_0967_,net,cell
_0967_,_0486_,cell,net
net4,_0968_,net,cell
_0215_,_0968_,net,cell
_0321_,_0968_,net,cell
_0345_,_0968_,net,cell
_0968_,_0487_,cell,net
net5,_0969_,net,cell
_0969_,_0488_,cell,net
_0487_,_0969_,net,cell
_0206_,_0970_,net,cell
_0488_,_0970_,net,cell
_0970_,_0489_,cell,net
_0163_,_0971_,net,cell
_0023_,_0971_,net,cell
_0204_,_0971_,net,cell
_0455_,_0971_,net,cell
_0485_,_0971_,net,cell
_0971_,_0490_,cell,net
_0259_,_0972_,net,cell
_0484_,_0972_,net,cell
_0486_,_0972_,net,cell
_0489_,_0972_,net,cell
_0490_,_0972_,net,cell
_0972_,_0147_,cell,net
_0023_,_0973_,net,cell
_0204_,_0973_,net,cell
_0205_,_0973_,net,cell
_0973_,_0491_,cell,net
_0491_,_0974_,net,cell
_0454_,_0974_,net,cell
_0974_,_0492_,cell,net
_0492_,_0975_,net,cell
_0975_,_0493_,cell,net
_0022_,_0975_,net,cell
net4,_0976_,net,cell
net5,_0976_,net,cell
_0345_,_0976_,net,cell
_0459_,_0976_,net,cell
_0976_,_0494_,cell,net
_0494_,_0977_,net,cell
_0977_,_0495_,cell,net
net6,_0977_,net,cell
_0259_,_0978_,net,cell
_0248_,_0978_,net,cell
_0493_,_0978_,net,cell
_0495_,_0978_,net,cell
_0473_,_0978_,net,cell
_0978_,_0148_,cell,net
_0215_,_0979_,net,cell
_0321_,_0979_,net,cell
_0370_,_0979_,net,cell
_0979_,_0496_,cell,net
_0496_,_0980_,net,cell
_0980_,_0497_,cell,net
net7,_0980_,net,cell
_0022_,_0981_,net,cell
_0023_,_0981_,net,cell
_0204_,_0981_,net,cell
_0485_,_0981_,net,cell
_0981_,_0498_,cell,net
_0498_,_0982_,net,cell
_0982_,_0499_,cell,net
_0021_,_0982_,net,cell
_0248_,_0983_,net,cell
_0497_,_0983_,net,cell
_0499_,_0983_,net,cell
_0450_,_0983_,net,cell
_0983_,_0149_,cell,net
_0021_,_0984_,net,cell
_0022_,_0984_,net,cell
_0491_,_0984_,net,cell
_0454_,_0984_,net,cell
_0984_,_0500_,cell,net
_0020_,_0985_,net,cell
_0985_,_0501_,cell,net
_0501_,_0986_,net,cell
_0474_,_0986_,net,cell
_0986_,_0502_,cell,net
_0020_,_0987_,net,cell
_0500_,_0987_,net,cell
_0987_,_0503_,cell,net
_0500_,_0988_,net,cell
_0502_,_0988_,net,cell
_0503_,_0988_,net,cell
_0988_,_0504_,cell,net
net7,_0989_,net,cell
_0314_,_0989_,net,cell
_0370_,_0989_,net,cell
_0458_,_0989_,net,cell
_0989_,_0505_,cell,net
_0505_,_0990_,net,cell
_0990_,_0506_,cell,net
net8,_0990_,net,cell
_0436_,_0991_,net,cell
_0506_,_0991_,net,cell
_0991_,_0507_,cell,net
_0504_,_0992_,net,cell
_0507_,_0992_,net,cell
_0450_,_0992_,net,cell
_0992_,_0150_,cell,net
_0008_,_0993_,net,cell
_0436_,_0993_,net,cell
_0452_,_0993_,net,cell
_0993_,_0151_,cell,net
_0009_,_0994_,net,cell
_0994_,_0508_,cell,net
_0019_,_0994_,net,cell
_0436_,_0995_,net,cell
_0508_,_0995_,net,cell
_0452_,_0995_,net,cell
_0995_,_0152_,cell,net
_0215_,_0996_,net,cell
_0996_,_0509_,cell,net
net2,_0996_,net,cell
_0449_,_0997_,net,cell
_0509_,_0997_,net,cell
_0208_,_0997_,net,cell
_0997_,_0510_,cell,net
_0018_,_0998_,net,cell
_0200_,_0998_,net,cell
_0510_,_0998_,net,cell
_0998_,_0511_,cell,net
_0018_,_0999_,net,cell
_0200_,_0999_,net,cell
_0999_,_0512_,cell,net
_0511_,_1000_,net,cell
_0512_,_1000_,net,cell
_0259_,_1000_,net,cell
_1000_,_0153_,cell,net
_0453_,_1001_,net,cell
_0018_,_1001_,net,cell
_0019_,_1001_,net,cell
_1001_,_0513_,cell,net
_0203_,_1002_,net,cell
_0207_,_1002_,net,cell
_0513_,_1002_,net,cell
_1002_,_0514_,cell,net
net9,_1003_,net,cell
_0214_,_1003_,net,cell
_0212_,_1003_,net,cell
_1003_,_0515_,cell,net
_0006_,_1004_,net,cell
_0451_,_1004_,net,cell
_0515_,_1004_,net,cell
_1004_,_0516_,cell,net
_0017_,_1005_,net,cell
_0514_,_1005_,net,cell
_1005_,_0517_,cell,net
_0457_,_1006_,net,cell
_0516_,_1006_,net,cell
_0517_,_1006_,net,cell
_1006_,_0518_,cell,net
_0017_,_1007_,net,cell
_0514_,_1007_,net,cell
_0518_,_1007_,net,cell
_0263_,_1007_,net,cell
_1007_,_0154_,cell,net
_0016_,_1008_,net,cell
_1008_,_0519_,cell,net
_0017_,_1009_,net,cell
_0018_,_1009_,net,cell
_0200_,_1009_,net,cell
_1009_,_0520_,cell,net
_0214_,_1010_,net,cell
_0212_,_1010_,net,cell
_0007_,_1010_,net,cell
_1010_,_0521_,cell,net
_0521_,_1011_,net,cell
_1011_,_0522_,cell,net
_0315_,_1011_,net,cell
_0248_,_1012_,net,cell
_0520_,_1012_,net,cell
_0522_,_1012_,net,cell
_0457_,_1012_,net,cell
_0519_,_1012_,net,cell
_1012_,_0523_,cell,net
_0519_,_1013_,net,cell
_0520_,_1013_,net,cell
_0523_,_1013_,net,cell
_0269_,_1013_,net,cell
_1013_,_0155_,cell,net
_0453_,_1014_,net,cell
_0019_,_1014_,net,cell
_0201_,_1014_,net,cell
_0208_,_1014_,net,cell
_1014_,_0524_,cell,net
_0524_,_1015_,net,cell
_1015_,_0525_,cell,net
_0015_,_1016_,net,cell
_1016_,_0526_,cell,net
_0458_,_1017_,net,cell
_1017_,_0527_,cell,net
_0311_,_1017_,net,cell
_0435_,_1018_,net,cell
_0449_,_1018_,net,cell
_0527_,_1018_,net,cell
_1018_,_0528_,cell,net
_0526_,_1019_,net,cell
_0528_,_1019_,net,cell
_0524_,_1019_,net,cell
_1019_,_0529_,cell,net
_0015_,_1020_,net,cell
_0525_,_1020_,net,cell
_0529_,_1020_,net,cell
_0163_,_1020_,net,cell
_1020_,_0156_,cell,net
_0214_,_1021_,net,cell
_0212_,_1021_,net,cell
_0410_,_1021_,net,cell
_1021_,_0530_,cell,net
_0530_,_1022_,net,cell
_1022_,_0531_,cell,net
_0312_,_1022_,net,cell
_0015_,_1023_,net,cell
_0200_,_1023_,net,cell
_0201_,_1023_,net,cell
_1023_,_0532_,cell,net
_0532_,_1024_,net,cell
_1024_,_0533_,cell,net
_0014_,_1024_,net,cell
_0248_,_1025_,net,cell
_0531_,_1025_,net,cell
_0533_,_1025_,net,cell
_0450_,_1025_,net,cell
_1025_,_0157_,cell,net
_0014_,_1026_,net,cell
_1026_,_0534_,cell,net
_0017_,_1027_,net,cell
_1027_,_0535_,cell,net
_0534_,_1028_,net,cell
_0526_,_1028_,net,cell
_0519_,_1028_,net,cell
_0535_,_1028_,net,cell
_0514_,_1028_,net,cell
_1028_,_0536_,cell,net
_0013_,_1029_,net,cell
_1029_,_0537_,cell,net
_0536_,_1029_,net,cell
_0311_,_1030_,net,cell
_0312_,_1030_,net,cell
_0458_,_1030_,net,cell
_1030_,_0538_,cell,net
net10,_1031_,net,cell
_1031_,_0539_,cell,net
_0538_,_1031_,net,cell
_0259_,_1032_,net,cell
_0537_,_1032_,net,cell
_0539_,_1032_,net,cell
_0473_,_1032_,net,cell
_1032_,_0158_,cell,net
_0451_,_1033_,net,cell
_0426_,_1033_,net,cell
_1033_,_0540_,cell,net
_0215_,_1034_,net,cell
_0425_,_1034_,net,cell
net11,_1034_,net,cell
_1034_,_0541_,cell,net
_0436_,_1035_,net,cell
_0449_,_1035_,net,cell
_1035_,_0542_,cell,net
_0540_,_1036_,net,cell
_0541_,_1036_,net,cell
_0542_,_1036_,net,cell
_1036_,_0543_,cell,net
_0012_,_1037_,net,cell
_0464_,_1037_,net,cell
_1037_,_0544_,cell,net
_0012_,_1038_,net,cell
_0464_,_1038_,net,cell
_1038_,_0545_,cell,net
_0207_,_1039_,net,cell
_0544_,_1039_,net,cell
_0545_,_1039_,net,cell
_1039_,_0546_,cell,net
_0543_,_1040_,net,cell
_0546_,_1040_,net,cell
_0269_,_1040_,net,cell
_1040_,_0159_,cell,net
_0209_,_1041_,net,cell
_0011_,_1041_,net,cell
_0221_,_1041_,net,cell
_1041_,_0547_,cell,net
_0210_,_1042_,net,cell
_0212_,_1042_,net,cell
net37,_1042_,net,cell
_1042_,_0548_,cell,net
_0247_,_1043_,net,cell
_0547_,_1043_,net,cell
_0548_,_1043_,net,cell
_1043_,_0160_,cell,net
_0037_,_1044_,net,cell
_1044_,_0549_,cell,net
_0549_,_1045_,net,cell
_0212_,_1045_,net,cell
_0220_,_1045_,net,cell
_1045_,_0550_,cell,net
net39,_1046_,net,cell
_0542_,_1046_,net,cell
_0550_,_1046_,net,cell
_0436_,_1046_,net,cell
_0269_,_1046_,net,cell
_1046_,_0161_,cell,net
_0551_,_1047_,net,cell
_0552_,_1047_,net,cell
_1047_,_0005_,cell,net
_1047_,_0004_,cell,net
_0553_,_1048_,net,cell
_0554_,_1048_,net,cell
_1048_,_0007_,cell,net
_1048_,_0006_,cell,net
_0555_,_1049_,net,cell
_0556_,_1049_,net,cell
_1049_,_0003_,cell,net
_1049_,_0081_,cell,net
_0555_,_1050_,net,cell
_0556_,_1050_,net,cell
_1050_,_0082_,cell,net
_1050_,_0557_,cell,net
uart_rx_inst.bit_cnt\[0\],_1051_,net,cell
_0556_,_1051_,net,cell
_1051_,_0002_,cell,net
_1051_,_0558_,cell,net
_0559_,_1052_,net,cell
_0560_,_1052_,net,cell
_1052_,_0009_,cell,net
_1052_,_0008_,cell,net
clk,clkbuf_0_clk,net,cell
clkbuf_0_clk,clknet_0_clk,cell,net
clknet_0_clk,clkbuf_3_0__f_clk,net,cell
clkbuf_3_0__f_clk,clknet_3_0__leaf_clk,cell,net
clknet_0_clk,clkbuf_3_1__f_clk,net,cell
clkbuf_3_1__f_clk,clknet_3_1__leaf_clk,cell,net
clknet_0_clk,clkbuf_3_2__f_clk,net,cell
clkbuf_3_2__f_clk,clknet_3_2__leaf_clk,cell,net
clknet_0_clk,clkbuf_3_3__f_clk,net,cell
clkbuf_3_3__f_clk,clknet_3_3__leaf_clk,cell,net
clknet_0_clk,clkbuf_3_4__f_clk,net,cell
clkbuf_3_4__f_clk,clknet_3_4__leaf_clk,cell,net
clknet_0_clk,clkbuf_3_5__f_clk,net,cell
clkbuf_3_5__f_clk,clknet_3_5__leaf_clk,cell,net
clknet_0_clk,clkbuf_3_6__f_clk,net,cell
clkbuf_3_6__f_clk,clknet_3_6__leaf_clk,cell,net
clknet_0_clk,clkbuf_3_7__f_clk,net,cell
clkbuf_3_7__f_clk,clknet_3_7__leaf_clk,cell,net
m_axis_tready,input1,net,cell
input1,net1,cell,net
prescale[5],input10,net,cell
input10,net10,cell,net
prescale[6],input11,net,cell
input11,net11,cell,net
prescale[7],input12,net,cell
input12,net12,cell,net
prescale[9],input13,net,cell
input13,net13,cell,net
rst,input14,net,cell
input14,net14,cell,net
rxd,input15,net,cell
input15,net15,cell,net
s_axis_tdata[0],input16,net,cell
input16,net16,cell,net
s_axis_tdata[1],input17,net,cell
input17,net17,cell,net
s_axis_tdata[2],input18,net,cell
input18,net18,cell,net
s_axis_tdata[3],input19,net,cell
input19,net19,cell,net
prescale[0],input2,net,cell
input2,net2,cell,net
s_axis_tdata[4],input20,net,cell
input20,net20,cell,net
s_axis_tdata[5],input21,net,cell
input21,net21,cell,net
s_axis_tdata[6],input22,net,cell
input22,net22,cell,net
s_axis_tdata[7],input23,net,cell
input23,net23,cell,net
s_axis_tvalid,input24,net,cell
input24,net24,cell,net
prescale[10],input3,net,cell
input3,net3,cell,net
prescale[11],input4,net,cell
input4,net4,cell,net
prescale[12],input5,net,cell
input5,net5,cell,net
prescale[13],input6,net,cell
input6,net6,cell,net
prescale[14],input7,net,cell
input7,net7,cell,net
prescale[15],input8,net,cell
input8,net8,cell,net
prescale[1],input9,net,cell
input9,net9,cell,net
net25,output25,net,cell
output25,m_axis_tdata[0],cell,net
net26,output26,net,cell
output26,m_axis_tdata[1],cell,net
net27,output27,net,cell
output27,m_axis_tdata[2],cell,net
net28,output28,net,cell
output28,m_axis_tdata[3],cell,net
net29,output29,net,cell
output29,m_axis_tdata[4],cell,net
net30,output30,net,cell
output30,m_axis_tdata[5],cell,net
net31,output31,net,cell
output31,m_axis_tdata[6],cell,net
net32,output32,net,cell
output32,m_axis_tdata[7],cell,net
net33,output33,net,cell
output33,m_axis_tvalid,cell,net
net34,output34,net,cell
output34,rx_busy,cell,net
net35,output35,net,cell
output35,rx_frame_error,cell,net
net36,output36,net,cell
output36,rx_overrun_error,cell,net
net37,output37,net,cell
output37,s_axis_tready,cell,net
net38,output38,net,cell
output38,tx_busy,cell,net
net39,output39,net,cell
output39,txd,cell,net
clknet_3_1__leaf_clk,uart_rx_inst.bit_cnt\[0\]$_SDFFE_PP0P_,net,cell
_0083_,uart_rx_inst.bit_cnt\[0\]$_SDFFE_PP0P_,net,cell
uart_rx_inst.bit_cnt\[0\]$_SDFFE_PP0P_,_0555_,cell,net
clknet_3_3__leaf_clk,uart_rx_inst.bit_cnt\[1\]$_SDFFE_PP0P_,net,cell
_0084_,uart_rx_inst.bit_cnt\[1\]$_SDFFE_PP0P_,net,cell
uart_rx_inst.bit_cnt\[1\]$_SDFFE_PP0P_,_0556_,cell,net
clknet_3_1__leaf_clk,uart_rx_inst.bit_cnt\[2\]$_SDFFE_PP0P_,net,cell
_0085_,uart_rx_inst.bit_cnt\[2\]$_SDFFE_PP0P_,net,cell
uart_rx_inst.bit_cnt\[2\]$_SDFFE_PP0P_,_0080_,cell,net
clknet_3_3__leaf_clk,uart_rx_inst.bit_cnt\[3\]$_SDFFE_PP0P_,net,cell
_0086_,uart_rx_inst.bit_cnt\[3\]$_SDFFE_PP0P_,net,cell
uart_rx_inst.bit_cnt\[3\]$_SDFFE_PP0P_,_0001_,cell,net
clknet_3_4__leaf_clk,uart_rx_inst.busy_reg$_SDFFE_PP0P_,net,cell
_0087_,uart_rx_inst.busy_reg$_SDFFE_PP0P_,net,cell
uart_rx_inst.busy_reg$_SDFFE_PP0P_,_0079_,cell,net
clknet_3_2__leaf_clk,uart_rx_inst.data_reg\[0\]$_SDFFCE_PP0P_,net,cell
_0088_,uart_rx_inst.data_reg\[0\]$_SDFFCE_PP0P_,net,cell
uart_rx_inst.data_reg\[0\]$_SDFFCE_PP0P_,_0078_,cell,net
clknet_3_2__leaf_clk,uart_rx_inst.data_reg\[1\]$_SDFFCE_PP0P_,net,cell
_0089_,uart_rx_inst.data_reg\[1\]$_SDFFCE_PP0P_,net,cell
uart_rx_inst.data_reg\[1\]$_SDFFCE_PP0P_,_0077_,cell,net
clknet_3_2__leaf_clk,uart_rx_inst.data_reg\[2\]$_SDFFCE_PP0P_,net,cell
_0090_,uart_rx_inst.data_reg\[2\]$_SDFFCE_PP0P_,net,cell
uart_rx_inst.data_reg\[2\]$_SDFFCE_PP0P_,_0076_,cell,net
clknet_3_2__leaf_clk,uart_rx_inst.data_reg\[3\]$_SDFFCE_PP0P_,net,cell
_0091_,uart_rx_inst.data_reg\[3\]$_SDFFCE_PP0P_,net,cell
uart_rx_inst.data_reg\[3\]$_SDFFCE_PP0P_,_0075_,cell,net
clknet_3_2__leaf_clk,uart_rx_inst.data_reg\[4\]$_SDFFCE_PP0P_,net,cell
_0092_,uart_rx_inst.data_reg\[4\]$_SDFFCE_PP0P_,net,cell
uart_rx_inst.data_reg\[4\]$_SDFFCE_PP0P_,_0074_,cell,net
clknet_3_3__leaf_clk,uart_rx_inst.data_reg\[5\]$_SDFFCE_PP0P_,net,cell
_0093_,uart_rx_inst.data_reg\[5\]$_SDFFCE_PP0P_,net,cell
uart_rx_inst.data_reg\[5\]$_SDFFCE_PP0P_,_0073_,cell,net
clknet_3_3__leaf_clk,uart_rx_inst.data_reg\[6\]$_SDFFCE_PP0P_,net,cell
_0094_,uart_rx_inst.data_reg\[6\]$_SDFFCE_PP0P_,net,cell
uart_rx_inst.data_reg\[6\]$_SDFFCE_PP0P_,_0072_,cell,net
clknet_3_3__leaf_clk,uart_rx_inst.data_reg\[7\]$_SDFFCE_PP0P_,net,cell
_0095_,uart_rx_inst.data_reg\[7\]$_SDFFCE_PP0P_,net,cell
uart_rx_inst.data_reg\[7\]$_SDFFCE_PP0P_,_0071_,cell,net
clknet_3_3__leaf_clk,uart_rx_inst.frame_error_reg$_SDFF_PP0_,net,cell
_0096_,uart_rx_inst.frame_error_reg$_SDFF_PP0_,net,cell
uart_rx_inst.frame_error_reg$_SDFF_PP0_,_0070_,cell,net
clknet_3_2__leaf_clk,uart_rx_inst.m_axis_tdata_reg\[0\]$_SDFFE_PP0P_,net,cell
_0097_,uart_rx_inst.m_axis_tdata_reg\[0\]$_SDFFE_PP0P_,net,cell
uart_rx_inst.m_axis_tdata_reg\[0\]$_SDFFE_PP0P_,_0069_,cell,net
clknet_3_2__leaf_clk,uart_rx_inst.m_axis_tdata_reg\[1\]$_SDFFE_PP0P_,net,cell
_0098_,uart_rx_inst.m_axis_tdata_reg\[1\]$_SDFFE_PP0P_,net,cell
uart_rx_inst.m_axis_tdata_reg\[1\]$_SDFFE_PP0P_,_0068_,cell,net
clknet_3_2__leaf_clk,uart_rx_inst.m_axis_tdata_reg\[2\]$_SDFFE_PP0P_,net,cell
_0099_,uart_rx_inst.m_axis_tdata_reg\[2\]$_SDFFE_PP0P_,net,cell
uart_rx_inst.m_axis_tdata_reg\[2\]$_SDFFE_PP0P_,_0067_,cell,net
clknet_3_2__leaf_clk,uart_rx_inst.m_axis_tdata_reg\[3\]$_SDFFE_PP0P_,net,cell
_0100_,uart_rx_inst.m_axis_tdata_reg\[3\]$_SDFFE_PP0P_,net,cell
uart_rx_inst.m_axis_tdata_reg\[3\]$_SDFFE_PP0P_,_0066_,cell,net
clknet_3_2__leaf_clk,uart_rx_inst.m_axis_tdata_reg\[4\]$_SDFFE_PP0P_,net,cell
_0101_,uart_rx_inst.m_axis_tdata_reg\[4\]$_SDFFE_PP0P_,net,cell
uart_rx_inst.m_axis_tdata_reg\[4\]$_SDFFE_PP0P_,_0065_,cell,net
clknet_3_2__leaf_clk,uart_rx_inst.m_axis_tdata_reg\[5\]$_SDFFE_PP0P_,net,cell
_0102_,uart_rx_inst.m_axis_tdata_reg\[5\]$_SDFFE_PP0P_,net,cell
uart_rx_inst.m_axis_tdata_reg\[5\]$_SDFFE_PP0P_,_0064_,cell,net
clknet_3_3__leaf_clk,uart_rx_inst.m_axis_tdata_reg\[6\]$_SDFFE_PP0P_,net,cell
_0103_,uart_rx_inst.m_axis_tdata_reg\[6\]$_SDFFE_PP0P_,net,cell
uart_rx_inst.m_axis_tdata_reg\[6\]$_SDFFE_PP0P_,_0063_,cell,net
clknet_3_3__leaf_clk,uart_rx_inst.m_axis_tdata_reg\[7\]$_SDFFE_PP0P_,net,cell
_0104_,uart_rx_inst.m_axis_tdata_reg\[7\]$_SDFFE_PP0P_,net,cell
uart_rx_inst.m_axis_tdata_reg\[7\]$_SDFFE_PP0P_,_0062_,cell,net
clknet_3_3__leaf_clk,uart_rx_inst.m_axis_tvalid_reg$_SDFF_PP0_,net,cell
_0105_,uart_rx_inst.m_axis_tvalid_reg$_SDFF_PP0_,net,cell
uart_rx_inst.m_axis_tvalid_reg$_SDFF_PP0_,_0061_,cell,net
clknet_3_3__leaf_clk,uart_rx_inst.overrun_error_reg$_SDFF_PP0_,net,cell
_0106_,uart_rx_inst.overrun_error_reg$_SDFF_PP0_,net,cell
uart_rx_inst.overrun_error_reg$_SDFF_PP0_,_0060_,cell,net
clknet_3_7__leaf_clk,uart_rx_inst.prescale_reg\[0\]$_SDFFE_PP0P_,net,cell
_0107_,uart_rx_inst.prescale_reg\[0\]$_SDFFE_PP0P_,net,cell
uart_rx_inst.prescale_reg\[0\]$_SDFFE_PP0P_,_0551_,cell,net
clknet_3_7__leaf_clk,uart_rx_inst.prescale_reg\[10\]$_SDFFE_PP0P_,net,cell
_0108_,uart_rx_inst.prescale_reg\[10\]$_SDFFE_PP0P_,net,cell
uart_rx_inst.prescale_reg\[10\]$_SDFFE_PP0P_,_0059_,cell,net
clknet_3_7__leaf_clk,uart_rx_inst.prescale_reg\[11\]$_SDFFE_PP0P_,net,cell
_0109_,uart_rx_inst.prescale_reg\[11\]$_SDFFE_PP0P_,net,cell
uart_rx_inst.prescale_reg\[11\]$_SDFFE_PP0P_,_0058_,cell,net
clknet_3_7__leaf_clk,uart_rx_inst.prescale_reg\[12\]$_SDFFE_PP0P_,net,cell
_0110_,uart_rx_inst.prescale_reg\[12\]$_SDFFE_PP0P_,net,cell
uart_rx_inst.prescale_reg\[12\]$_SDFFE_PP0P_,_0057_,cell,net
clknet_3_7__leaf_clk,uart_rx_inst.prescale_reg\[13\]$_SDFFE_PP0P_,net,cell
_0111_,uart_rx_inst.prescale_reg\[13\]$_SDFFE_PP0P_,net,cell
uart_rx_inst.prescale_reg\[13\]$_SDFFE_PP0P_,_0056_,cell,net
clknet_3_6__leaf_clk,uart_rx_inst.prescale_reg\[14\]$_SDFFE_PP0P_,net,cell
_0112_,uart_rx_inst.prescale_reg\[14\]$_SDFFE_PP0P_,net,cell
uart_rx_inst.prescale_reg\[14\]$_SDFFE_PP0P_,_0055_,cell,net
clknet_3_6__leaf_clk,uart_rx_inst.prescale_reg\[15\]$_SDFFE_PP0P_,net,cell
_0113_,uart_rx_inst.prescale_reg\[15\]$_SDFFE_PP0P_,net,cell
uart_rx_inst.prescale_reg\[15\]$_SDFFE_PP0P_,_0054_,cell,net
clknet_3_7__leaf_clk,uart_rx_inst.prescale_reg\[16\]$_SDFFE_PP0P_,net,cell
_0114_,uart_rx_inst.prescale_reg\[16\]$_SDFFE_PP0P_,net,cell
uart_rx_inst.prescale_reg\[16\]$_SDFFE_PP0P_,_0053_,cell,net
clknet_3_7__leaf_clk,uart_rx_inst.prescale_reg\[17\]$_SDFFE_PP0P_,net,cell
_0115_,uart_rx_inst.prescale_reg\[17\]$_SDFFE_PP0P_,net,cell
uart_rx_inst.prescale_reg\[17\]$_SDFFE_PP0P_,_0052_,cell,net
clknet_3_7__leaf_clk,uart_rx_inst.prescale_reg\[18\]$_SDFFE_PP0P_,net,cell
_0116_,uart_rx_inst.prescale_reg\[18\]$_SDFFE_PP0P_,net,cell
uart_rx_inst.prescale_reg\[18\]$_SDFFE_PP0P_,_0051_,cell,net
clknet_3_6__leaf_clk,uart_rx_inst.prescale_reg\[1\]$_SDFFE_PP0P_,net,cell
_0117_,uart_rx_inst.prescale_reg\[1\]$_SDFFE_PP0P_,net,cell
uart_rx_inst.prescale_reg\[1\]$_SDFFE_PP0P_,_0552_,cell,net
clknet_3_6__leaf_clk,uart_rx_inst.prescale_reg\[2\]$_SDFFE_PP0P_,net,cell
_0118_,uart_rx_inst.prescale_reg\[2\]$_SDFFE_PP0P_,net,cell
uart_rx_inst.prescale_reg\[2\]$_SDFFE_PP0P_,_0050_,cell,net
clknet_3_3__leaf_clk,uart_rx_inst.prescale_reg\[3\]$_SDFFE_PP0P_,net,cell
_0119_,uart_rx_inst.prescale_reg\[3\]$_SDFFE_PP0P_,net,cell
uart_rx_inst.prescale_reg\[3\]$_SDFFE_PP0P_,_0049_,cell,net
clknet_3_6__leaf_clk,uart_rx_inst.prescale_reg\[4\]$_SDFFE_PP0P_,net,cell
_0120_,uart_rx_inst.prescale_reg\[4\]$_SDFFE_PP0P_,net,cell
uart_rx_inst.prescale_reg\[4\]$_SDFFE_PP0P_,_0048_,cell,net
clknet_3_6__leaf_clk,uart_rx_inst.prescale_reg\[5\]$_SDFFE_PP0P_,net,cell
_0121_,uart_rx_inst.prescale_reg\[5\]$_SDFFE_PP0P_,net,cell
uart_rx_inst.prescale_reg\[5\]$_SDFFE_PP0P_,_0047_,cell,net
clknet_3_6__leaf_clk,uart_rx_inst.prescale_reg\[6\]$_SDFFE_PP0P_,net,cell
_0122_,uart_rx_inst.prescale_reg\[6\]$_SDFFE_PP0P_,net,cell
uart_rx_inst.prescale_reg\[6\]$_SDFFE_PP0P_,_0046_,cell,net
clknet_3_6__leaf_clk,uart_rx_inst.prescale_reg\[7\]$_SDFFE_PP0P_,net,cell
_0123_,uart_rx_inst.prescale_reg\[7\]$_SDFFE_PP0P_,net,cell
uart_rx_inst.prescale_reg\[7\]$_SDFFE_PP0P_,_0045_,cell,net
clknet_3_7__leaf_clk,uart_rx_inst.prescale_reg\[8\]$_SDFFE_PP0P_,net,cell
_0124_,uart_rx_inst.prescale_reg\[8\]$_SDFFE_PP0P_,net,cell
uart_rx_inst.prescale_reg\[8\]$_SDFFE_PP0P_,_0044_,cell,net
clknet_3_7__leaf_clk,uart_rx_inst.prescale_reg\[9\]$_SDFFE_PP0P_,net,cell
_0125_,uart_rx_inst.prescale_reg\[9\]$_SDFFE_PP0P_,net,cell
uart_rx_inst.prescale_reg\[9\]$_SDFFE_PP0P_,_0043_,cell,net
clknet_3_1__leaf_clk,uart_rx_inst.rxd_reg$_SDFF_PP1_,net,cell
_0126_,uart_rx_inst.rxd_reg$_SDFF_PP1_,net,cell
uart_rx_inst.rxd_reg$_SDFF_PP1_,_0000_,cell,net
clknet_3_1__leaf_clk,uart_tx_inst.bit_cnt\[0\]$_SDFFE_PP0P_,net,cell
_0127_,uart_tx_inst.bit_cnt\[0\]$_SDFFE_PP0P_,net,cell
uart_tx_inst.bit_cnt\[0\]$_SDFFE_PP0P_,_0042_,cell,net
clknet_3_1__leaf_clk,uart_tx_inst.bit_cnt\[1\]$_SDFFE_PP0P_,net,cell
_0128_,uart_tx_inst.bit_cnt\[1\]$_SDFFE_PP0P_,net,cell
uart_tx_inst.bit_cnt\[1\]$_SDFFE_PP0P_,_0041_,cell,net
clknet_3_1__leaf_clk,uart_tx_inst.bit_cnt\[2\]$_SDFFE_PP0P_,net,cell
_0129_,uart_tx_inst.bit_cnt\[2\]$_SDFFE_PP0P_,net,cell
uart_tx_inst.bit_cnt\[2\]$_SDFFE_PP0P_,_0040_,cell,net
clknet_3_1__leaf_clk,uart_tx_inst.bit_cnt\[3\]$_SDFFE_PP0P_,net,cell
_0130_,uart_tx_inst.bit_cnt\[3\]$_SDFFE_PP0P_,net,cell
uart_tx_inst.bit_cnt\[3\]$_SDFFE_PP0P_,_0039_,cell,net
clknet_3_1__leaf_clk,uart_tx_inst.busy_reg$_SDFFE_PP0P_,net,cell
_0131_,uart_tx_inst.busy_reg$_SDFFE_PP0P_,net,cell
uart_tx_inst.busy_reg$_SDFFE_PP0P_,_0038_,cell,net
clknet_3_1__leaf_clk,uart_tx_inst.data_reg\[0\]$_DFFE_PP_,net,cell
_0132_,uart_tx_inst.data_reg\[0\]$_DFFE_PP_,net,cell
uart_tx_inst.data_reg\[0\]$_DFFE_PP_,_0037_,cell,net
clknet_3_0__leaf_clk,uart_tx_inst.data_reg\[1\]$_DFFE_PP_,net,cell
_0133_,uart_tx_inst.data_reg\[1\]$_DFFE_PP_,net,cell
uart_tx_inst.data_reg\[1\]$_DFFE_PP_,_0036_,cell,net
clknet_3_0__leaf_clk,uart_tx_inst.data_reg\[2\]$_DFFE_PP_,net,cell
_0134_,uart_tx_inst.data_reg\[2\]$_DFFE_PP_,net,cell
uart_tx_inst.data_reg\[2\]$_DFFE_PP_,_0035_,cell,net
clknet_3_0__leaf_clk,uart_tx_inst.data_reg\[3\]$_DFFE_PP_,net,cell
_0135_,uart_tx_inst.data_reg\[3\]$_DFFE_PP_,net,cell
uart_tx_inst.data_reg\[3\]$_DFFE_PP_,_0034_,cell,net
clknet_3_0__leaf_clk,uart_tx_inst.data_reg\[4\]$_DFFE_PP_,net,cell
_0136_,uart_tx_inst.data_reg\[4\]$_DFFE_PP_,net,cell
uart_tx_inst.data_reg\[4\]$_DFFE_PP_,_0033_,cell,net
clknet_3_0__leaf_clk,uart_tx_inst.data_reg\[5\]$_DFFE_PP_,net,cell
_0137_,uart_tx_inst.data_reg\[5\]$_DFFE_PP_,net,cell
uart_tx_inst.data_reg\[5\]$_DFFE_PP_,_0032_,cell,net
clknet_3_0__leaf_clk,uart_tx_inst.data_reg\[6\]$_DFFE_PP_,net,cell
_0138_,uart_tx_inst.data_reg\[6\]$_DFFE_PP_,net,cell
uart_tx_inst.data_reg\[6\]$_DFFE_PP_,_0031_,cell,net
clknet_3_0__leaf_clk,uart_tx_inst.data_reg\[7\]$_DFFE_PP_,net,cell
_0139_,uart_tx_inst.data_reg\[7\]$_DFFE_PP_,net,cell
uart_tx_inst.data_reg\[7\]$_DFFE_PP_,_0030_,cell,net
clknet_3_0__leaf_clk,uart_tx_inst.data_reg\[8\]$_DFFE_PP_,net,cell
_0140_,uart_tx_inst.data_reg\[8\]$_DFFE_PP_,net,cell
uart_tx_inst.data_reg\[8\]$_DFFE_PP_,_0029_,cell,net
clknet_3_4__leaf_clk,uart_tx_inst.prescale_reg\[0\]$_SDFFE_PP0P_,net,cell
_0141_,uart_tx_inst.prescale_reg\[0\]$_SDFFE_PP0P_,net,cell
uart_tx_inst.prescale_reg\[0\]$_SDFFE_PP0P_,_0559_,cell,net
clknet_3_5__leaf_clk,uart_tx_inst.prescale_reg\[10\]$_SDFFE_PP0P_,net,cell
_0142_,uart_tx_inst.prescale_reg\[10\]$_SDFFE_PP0P_,net,cell
uart_tx_inst.prescale_reg\[10\]$_SDFFE_PP0P_,_0028_,cell,net
clknet_3_5__leaf_clk,uart_tx_inst.prescale_reg\[11\]$_SDFFE_PP0P_,net,cell
_0143_,uart_tx_inst.prescale_reg\[11\]$_SDFFE_PP0P_,net,cell
uart_tx_inst.prescale_reg\[11\]$_SDFFE_PP0P_,_0027_,cell,net
clknet_3_5__leaf_clk,uart_tx_inst.prescale_reg\[12\]$_SDFFE_PP0P_,net,cell
_0144_,uart_tx_inst.prescale_reg\[12\]$_SDFFE_PP0P_,net,cell
uart_tx_inst.prescale_reg\[12\]$_SDFFE_PP0P_,_0026_,cell,net
clknet_3_5__leaf_clk,uart_tx_inst.prescale_reg\[13\]$_SDFFE_PP0P_,net,cell
_0145_,uart_tx_inst.prescale_reg\[13\]$_SDFFE_PP0P_,net,cell
uart_tx_inst.prescale_reg\[13\]$_SDFFE_PP0P_,_0025_,cell,net
clknet_3_5__leaf_clk,uart_tx_inst.prescale_reg\[14\]$_SDFFE_PP0P_,net,cell
_0146_,uart_tx_inst.prescale_reg\[14\]$_SDFFE_PP0P_,net,cell
uart_tx_inst.prescale_reg\[14\]$_SDFFE_PP0P_,_0024_,cell,net
clknet_3_5__leaf_clk,uart_tx_inst.prescale_reg\[15\]$_SDFFE_PP0P_,net,cell
_0147_,uart_tx_inst.prescale_reg\[15\]$_SDFFE_PP0P_,net,cell
uart_tx_inst.prescale_reg\[15\]$_SDFFE_PP0P_,_0023_,cell,net
clknet_3_5__leaf_clk,uart_tx_inst.prescale_reg\[16\]$_SDFFE_PP0P_,net,cell
_0148_,uart_tx_inst.prescale_reg\[16\]$_SDFFE_PP0P_,net,cell
uart_tx_inst.prescale_reg\[16\]$_SDFFE_PP0P_,_0022_,cell,net
clknet_3_5__leaf_clk,uart_tx_inst.prescale_reg\[17\]$_SDFFE_PP0P_,net,cell
_0149_,uart_tx_inst.prescale_reg\[17\]$_SDFFE_PP0P_,net,cell
uart_tx_inst.prescale_reg\[17\]$_SDFFE_PP0P_,_0021_,cell,net
clknet_3_5__leaf_clk,uart_tx_inst.prescale_reg\[18\]$_SDFFE_PP0P_,net,cell
_0150_,uart_tx_inst.prescale_reg\[18\]$_SDFFE_PP0P_,net,cell
uart_tx_inst.prescale_reg\[18\]$_SDFFE_PP0P_,_0020_,cell,net
clknet_3_4__leaf_clk,uart_tx_inst.prescale_reg\[1\]$_SDFFE_PP0P_,net,cell
_0151_,uart_tx_inst.prescale_reg\[1\]$_SDFFE_PP0P_,net,cell
uart_tx_inst.prescale_reg\[1\]$_SDFFE_PP0P_,_0560_,cell,net
clknet_3_4__leaf_clk,uart_tx_inst.prescale_reg\[2\]$_SDFFE_PP0P_,net,cell
_0152_,uart_tx_inst.prescale_reg\[2\]$_SDFFE_PP0P_,net,cell
uart_tx_inst.prescale_reg\[2\]$_SDFFE_PP0P_,_0019_,cell,net
clknet_3_4__leaf_clk,uart_tx_inst.prescale_reg\[3\]$_SDFFE_PP0P_,net,cell
_0153_,uart_tx_inst.prescale_reg\[3\]$_SDFFE_PP0P_,net,cell
uart_tx_inst.prescale_reg\[3\]$_SDFFE_PP0P_,_0018_,cell,net
clknet_3_6__leaf_clk,uart_tx_inst.prescale_reg\[4\]$_SDFFE_PP0P_,net,cell
_0154_,uart_tx_inst.prescale_reg\[4\]$_SDFFE_PP0P_,net,cell
uart_tx_inst.prescale_reg\[4\]$_SDFFE_PP0P_,_0017_,cell,net
clknet_3_4__leaf_clk,uart_tx_inst.prescale_reg\[5\]$_SDFFE_PP0P_,net,cell
_0155_,uart_tx_inst.prescale_reg\[5\]$_SDFFE_PP0P_,net,cell
uart_tx_inst.prescale_reg\[5\]$_SDFFE_PP0P_,_0016_,cell,net
clknet_3_4__leaf_clk,uart_tx_inst.prescale_reg\[6\]$_SDFFE_PP0P_,net,cell
_0156_,uart_tx_inst.prescale_reg\[6\]$_SDFFE_PP0P_,net,cell
uart_tx_inst.prescale_reg\[6\]$_SDFFE_PP0P_,_0015_,cell,net
clknet_3_4__leaf_clk,uart_tx_inst.prescale_reg\[7\]$_SDFFE_PP0P_,net,cell
_0157_,uart_tx_inst.prescale_reg\[7\]$_SDFFE_PP0P_,net,cell
uart_tx_inst.prescale_reg\[7\]$_SDFFE_PP0P_,_0014_,cell,net
clknet_3_4__leaf_clk,uart_tx_inst.prescale_reg\[8\]$_SDFFE_PP0P_,net,cell
_0158_,uart_tx_inst.prescale_reg\[8\]$_SDFFE_PP0P_,net,cell
uart_tx_inst.prescale_reg\[8\]$_SDFFE_PP0P_,_0013_,cell,net
clknet_3_5__leaf_clk,uart_tx_inst.prescale_reg\[9\]$_SDFFE_PP0P_,net,cell
_0159_,uart_tx_inst.prescale_reg\[9\]$_SDFFE_PP0P_,net,cell
uart_tx_inst.prescale_reg\[9\]$_SDFFE_PP0P_,_0012_,cell,net
clknet_3_1__leaf_clk,uart_tx_inst.s_axis_tready_reg$_SDFFE_PP0P_,net,cell
_0160_,uart_tx_inst.s_axis_tready_reg$_SDFFE_PP0P_,net,cell
uart_tx_inst.s_axis_tready_reg$_SDFFE_PP0P_,_0011_,cell,net
clknet_3_1__leaf_clk,uart_tx_inst.txd_reg$_SDFFE_PP1P_,net,cell
_0161_,uart_tx_inst.txd_reg$_SDFFE_PP1P_,net,cell
uart_tx_inst.txd_reg$_SDFFE_PP1P_,_0010_,cell,net
